{"Log Reg": {"accuracy": 0.0, "auprc": 0.0, "f1": 0.0, "auroc": 0.0, "time": 0.0}, "Linear SVM": {"accuracy": 0.0, "auprc": 0.0, "f1": 0.0, "auroc": 0.0, "time": 0.0}, "RBF SVM": {"accuracy": 0.0, "auprc": 0.0, "f1": 0.0, "auroc": 0.0, "time": 0.0}, "KNN-3": {"accuracy": 0.0, "auprc": 0.0, "f1": 0.0, "auroc": 0.0, "time": 0.0}, "KNN-5": {"accuracy": 0.744092544769906, "auprc": 0.6881424431562584, "f1": 0.6927555749235661, "auroc": 0.7394514849496948, "time": 9958.018135786057}, "MLP": {"accuracy": 0.0, "auprc": 0.0, "f1": 0.0, "auroc": 0.0, "time": 0.0}, "NB": {"accuracy": 0.0, "auprc": 0.0, "f1": 0.0, "auroc": 0.0, "time": 0.0}}