{"Log Reg": {"accuracy": 0.0, "auprc": 0.0, "f1": 0.0, "auroc": 0.0, "time": 0.0}, "Linear SVM": {"accuracy": 0.9477928495573524, "auprc": 0.9187326241393858, "f1": 0.9463740255793868, "auroc": 0.9479459371230445, "time": 19752.630537605284}, "RBF SVM": {"accuracy": 0.0, "auprc": 0.0, "f1": 0.0, "auroc": 0.0, "time": 0.0}, "KNN-3": {"accuracy": 0.0, "auprc": 0.0, "f1": 0.0, "auroc": 0.0, "time": 0.0}, "KNN-5": {"accuracy": 0.0, "auprc": 0.0, "f1": 0.0, "auroc": 0.0, "time": 0.0}, "MLP": {"accuracy": 0.0, "auprc": 0.0, "f1": 0.0, "auroc": 0.0, "time": 0.0}, "NB": {"accuracy": 0.0, "auprc": 0.0, "f1": 0.0, "auroc": 0.0, "time": 0.0}}