{"Log Reg": {"accuracy": 0.949261209447352, "auprc": 0.9201637583452167, "f1": 0.9479615332895518, "auroc": 0.9494744750452828, "time": 126.59219160079957}, "Linear SVM": {"accuracy": 0.0, "auprc": 0.0, "f1": 0.0, "auroc": 0.0, "time": 0.0}, "RBF SVM": {"accuracy": 0.0, "auprc": 0.0, "f1": 0.0, "auroc": 0.0, "time": 0.0}, "KNN-3": {"accuracy": 0.0, "auprc": 0.0, "f1": 0.0, "auroc": 0.0, "time": 0.0}, "KNN-5": {"accuracy": 0.0, "auprc": 0.0, "f1": 0.0, "auroc": 0.0, "time": 0.0}, "MLP": {"accuracy": 0.0, "auprc": 0.0, "f1": 0.0, "auroc": 0.0, "time": 0.0}, "NB": {"accuracy": 0.0, "auprc": 0.0, "f1": 0.0, "auroc": 0.0, "time": 0.0}}