{"Log Reg": {"accuracy": 0.0, "auprc": 0.0, "f1": 0.0, "auroc": 0.0, "time": 0.0}, "Linear SVM": {"accuracy": 0.0, "auprc": 0.0, "f1": 0.0, "auroc": 0.0, "time": 0.0}, "RBF SVM": {"accuracy": 0.0, "auprc": 0.0, "f1": 0.0, "auroc": 0.0, "time": 0.0}, "KNN-3": {"accuracy": 0.0, "auprc": 0.0, "f1": 0.0, "auroc": 0.0, "time": 0.0}, "KNN-5": {"accuracy": 0.0, "auprc": 0.0, "f1": 0.0, "auroc": 0.0, "time": 0.0}, "MLP": {"accuracy": 0.9356616340621182, "auprc": 0.9048756534934599, "f1": 0.9332528988863975, "auroc": 0.9354824442707127, "time": 1506.4497909545898}, "NB": {"accuracy": 0.0, "auprc": 0.0, "f1": 0.0, "auroc": 0.0, "time": 0.0}}