{"Log Reg": {"accuracy": 0.0, "auprc": 0.0, "f1": 0.0, "auroc": 0.0, "time": 0.0}, "Linear SVM": {"accuracy": 0.0, "auprc": 0.0, "f1": 0.0, "auroc": 0.0, "time": 0.0}, "RBF SVM": {"accuracy": 0.0, "auprc": 0.0, "f1": 0.0, "auroc": 0.0, "time": 0.0}, "KNN-3": {"accuracy": 0.0, "auprc": 0.0, "f1": 0.0, "auroc": 0.0, "time": 0.0}, "KNN-5": {"accuracy": 0.0, "auprc": 0.0, "f1": 0.0, "auroc": 0.0, "time": 0.0}, "MLP": {"accuracy": 0.0, "auprc": 0.0, "f1": 0.0, "auroc": 0.0, "time": 0.0}, "NB": {"accuracy": 0.7980390042097885, "auprc": 0.7086559777498358, "f1": 0.8209371598022115, "auroc": 0.802994847493123, "time": 21.524076318740846}}